<beans xmlns="http://www.springframework.org/schema/beans"
       xmlns:xsi="http://www.w3.org/2001/XMLSchema-instance"
       xmlns:context="http://www.springframework.org/schema/context"
       xmlns:mvc="http://www.springframework.org/schema/mvc"
       xsi:schemaLocation="
          http://www.springframework.org/schema/beans 
          http://www.springframework.org/schema/beans/spring-beans.xsd
          http://www.springframework.org/schema/context 
          http://www.springframework.org/schema/context/spring-context.xsd
          http://www.springframework.org/schema/mvc 
          http://www.springframework.org/schema/mvc/spring-mvc.xsd">

  <!-- Enable annotation config -->
  <context:component-scan base-package="com.wipro" />
  <mvc:annotation-driven />

  <!-- JSP resolver -->
  <bean class="org.springframework.web.servlet.view.InternalResourceViewResolver">
    <property name="prefix" value="/WEB-INF/views/" />
    <property name="suffix" value=".jsp" />
  </bean>

  <!-- DB Config -->
  <bean id="dataSource" class="org.springframework.jdbc.datasource.DriverManagerDataSource">
    <property name="driverClassName" value="com.mysql.cj.jdbc.Driver" />
    <property name="url" value="jdbc:mysql://localhost:3306/employee" />
    <property name="username" value="root" />
    <property name="password" value="opatharv" />
  </bean>

  <!-- JdbcTemplate -->
  <bean id="jdbcTemplate" class="org.springframework.jdbc.core.JdbcTemplate">
    <property name="dataSource" ref="dataSource" />
  </bean>
</beans>